{"train": 0.027475272841649353, "test": 0.029375677083012263}